QR Link,Serial No
http://localhost:3005/covert/post/verify/52404745411105241115sam146400001,1
http://localhost:3005/covert/post/verify/57714194861105241115sam146400001,2
http://localhost:3005/covert/post/verify/54290156351105241115sam146400001,3
http://localhost:3005/covert/post/verify/31967845361105241115sam146400001,4
http://localhost:3005/covert/post/verify/68457486191105241115sam146400001,5
http://localhost:3005/covert/post/verify/69705901321105241115sam146400001,6
http://localhost:3005/covert/post/verify/98123929851105241115sam146400001,7
http://localhost:3005/covert/post/verify/96418060941105241115sam146400001,8
http://localhost:3005/covert/post/verify/78036517981105241115sam146400001,9
http://localhost:3005/covert/post/verify/41451756521105241115sam146400001,10
http://localhost:3005/covert/post/verify/94242919461105241115sam146400001,11
http://localhost:3005/covert/post/verify/44571782611105241115sam146400001,12
http://localhost:3005/covert/post/verify/57300111151105241115sam146400001,13
http://localhost:3005/covert/post/verify/93081371281105241115sam146400001,14
http://localhost:3005/covert/post/verify/34226963811105241115sam146400001,15
http://localhost:3005/covert/post/verify/83416839391105241115sam146400001,16
http://localhost:3005/covert/post/verify/86458163421105241115sam146400001,17
http://localhost:3005/covert/post/verify/24491516161105241115sam146400001,18
http://localhost:3005/covert/post/verify/94591511521105241115sam146400001,19
http://localhost:3005/covert/post/verify/55458931651105241115sam146400001,20
http://localhost:3005/covert/post/verify/90830728491105241115sam146400001,21
http://localhost:3005/covert/post/verify/67748183941105241115sam146400001,22
http://localhost:3005/covert/post/verify/43957090231105241115sam146400001,23
http://localhost:3005/covert/post/verify/99579544221105241115sam146400001,24
http://localhost:3005/covert/post/verify/42424446421105241115sam146400001,25
http://localhost:3005/covert/post/verify/96639847511105241115sam146400001,26
http://localhost:3005/covert/post/verify/15944741261105241115sam146400001,27
http://localhost:3005/covert/post/verify/50785977221105241115sam146400001,28
http://localhost:3005/covert/post/verify/35778030251105241115sam146400001,29
http://localhost:3005/covert/post/verify/96071886391105241115sam146400001,30
http://localhost:3005/covert/post/verify/94293390211105241115sam146400001,31
http://localhost:3005/covert/post/verify/63443298641105241115sam146400001,32
http://localhost:3005/covert/post/verify/98779439671105241115sam146400001,33
http://localhost:3005/covert/post/verify/22047710431105241115sam146400001,34
http://localhost:3005/covert/post/verify/19947146411105241115sam146400001,35
http://localhost:3005/covert/post/verify/46079403111105241115sam146400001,36
http://localhost:3005/covert/post/verify/63748373341105241115sam146400001,37
http://localhost:3005/covert/post/verify/44846874691105241115sam146400001,38
http://localhost:3005/covert/post/verify/90106132191105241115sam146400001,39
http://localhost:3005/covert/post/verify/91797741381105241115sam146400001,40
http://localhost:3005/covert/post/verify/56521633101105241115sam146400001,41
http://localhost:3005/covert/post/verify/39593117101105241115sam146400001,42
http://localhost:3005/covert/post/verify/59592849511105241115sam146400001,43
http://localhost:3005/covert/post/verify/15207221041105241115sam146400001,44
http://localhost:3005/covert/post/verify/94715919661105241115sam146400001,45
http://localhost:3005/covert/post/verify/77991873631105241115sam146400001,46
http://localhost:3005/covert/post/verify/54583056591105241115sam146400001,47
http://localhost:3005/covert/post/verify/50152306341105241115sam146400001,48
http://localhost:3005/covert/post/verify/92213023111105241115sam146400001,49
http://localhost:3005/covert/post/verify/12764802271105241115sam146400001,50
http://localhost:3005/covert/post/verify/73034994101105241115sam146400001,51
http://localhost:3005/covert/post/verify/13616024111105241115sam146400001,52
http://localhost:3005/covert/post/verify/49304345801105241115sam146400001,53
http://localhost:3005/covert/post/verify/15331783041105241115sam146400001,54
http://localhost:3005/covert/post/verify/19361505871105241115sam146400001,55
http://localhost:3005/covert/post/verify/71751824561105241115sam146400001,56
http://localhost:3005/covert/post/verify/52279882821105241115sam146400001,57
http://localhost:3005/covert/post/verify/30277396291105241115sam146400001,58
http://localhost:3005/covert/post/verify/17739823841105241115sam146400001,59
http://localhost:3005/covert/post/verify/93761922951105241115sam146400001,60
http://localhost:3005/covert/post/verify/66837047541105241115sam146400001,61
http://localhost:3005/covert/post/verify/95071299121105241115sam146400001,62
http://localhost:3005/covert/post/verify/18678526131105241115sam146400001,63
http://localhost:3005/covert/post/verify/99866660511105241115sam146400001,64
http://localhost:3005/covert/post/verify/71328962201105241115sam146400001,65
http://localhost:3005/covert/post/verify/67657385381105241115sam146400001,66
http://localhost:3005/covert/post/verify/96038104431105241115sam146400001,67
http://localhost:3005/covert/post/verify/95312595761105241115sam146400001,68
http://localhost:3005/covert/post/verify/75729223511105241115sam146400001,69
http://localhost:3005/covert/post/verify/88669505571105241115sam146400001,70
http://localhost:3005/covert/post/verify/17379794871105241115sam146400001,71
http://localhost:3005/covert/post/verify/69106003391105241115sam146400001,72
http://localhost:3005/covert/post/verify/40961178651105241115sam146400001,73
http://localhost:3005/covert/post/verify/38849497121105241115sam146400001,74
http://localhost:3005/covert/post/verify/76788853091105241115sam146400001,75
http://localhost:3005/covert/post/verify/37762629611105241115sam146400001,76
http://localhost:3005/covert/post/verify/16789932021105241115sam146400001,77
http://localhost:3005/covert/post/verify/96562958001105241115sam146400001,78
