QR Link,Serial No
http://localhost:3005/covert/pre/verify/98411838971105241115sam146400000,1
http://localhost:3005/covert/pre/verify/92325855151105241115sam146400000,2
http://localhost:3005/covert/pre/verify/67123711461105241115sam146400000,3
http://localhost:3005/covert/pre/verify/24980849851105241115sam146400000,4
http://localhost:3005/covert/pre/verify/94034325271105241115sam146400000,5
http://localhost:3005/covert/pre/verify/15716996441105241115sam146400000,6
http://localhost:3005/covert/pre/verify/81758605621105241115sam146400000,7
http://localhost:3005/covert/pre/verify/23069301001105241115sam146400000,8
http://localhost:3005/covert/pre/verify/67307115431105241115sam146400000,9
http://localhost:3005/covert/pre/verify/53277017131105241115sam146400000,10
http://localhost:3005/covert/pre/verify/90915498051105241115sam146400000,11
http://localhost:3005/covert/pre/verify/96446306371105241115sam146400000,12
http://localhost:3005/covert/pre/verify/88535596131105241115sam146400000,13
http://localhost:3005/covert/pre/verify/89999846071105241115sam146400000,14
http://localhost:3005/covert/pre/verify/93611320911105241115sam146400000,15
http://localhost:3005/covert/pre/verify/44863086841105241115sam146400000,16
http://localhost:3005/covert/pre/verify/99557648051105241115sam146400000,17
http://localhost:3005/covert/pre/verify/71463543571105241115sam146400000,18
http://localhost:3005/covert/pre/verify/78768024831105241115sam146400000,19
http://localhost:3005/covert/pre/verify/34618999261105241115sam146400000,20
http://localhost:3005/covert/pre/verify/41113505591105241115sam146400000,21
http://localhost:3005/covert/pre/verify/70195924121105241115sam146400000,22
http://localhost:3005/covert/pre/verify/95741700971105241115sam146400000,23
http://localhost:3005/covert/pre/verify/48897320641105241115sam146400000,24
http://localhost:3005/covert/pre/verify/11029521431105241115sam146400000,25
http://localhost:3005/covert/pre/verify/46927879561105241115sam146400000,26
http://localhost:3005/covert/pre/verify/67112492961105241115sam146400000,27
http://localhost:3005/covert/pre/verify/94427085751105241115sam146400000,28
http://localhost:3005/covert/pre/verify/85391369371105241115sam146400000,29
http://localhost:3005/covert/pre/verify/37583274541105241115sam146400000,30
http://localhost:3005/covert/pre/verify/95696904731105241115sam146400000,31
http://localhost:3005/covert/pre/verify/76761249341105241115sam146400000,32
http://localhost:3005/covert/pre/verify/65713900021105241115sam146400000,33
http://localhost:3005/covert/pre/verify/91742926081105241115sam146400000,34
http://localhost:3005/covert/pre/verify/19772322631105241115sam146400000,35
http://localhost:3005/covert/pre/verify/96504175261105241115sam146400000,36
http://localhost:3005/covert/pre/verify/65272545201105241115sam146400000,37
http://localhost:3005/covert/pre/verify/50418379171105241115sam146400000,38
http://localhost:3005/covert/pre/verify/63604647111105241115sam146400000,39
http://localhost:3005/covert/pre/verify/94137364891105241115sam146400000,40
http://localhost:3005/covert/pre/verify/88832290311105241115sam146400000,41
http://localhost:3005/covert/pre/verify/76443754211105241115sam146400000,42
http://localhost:3005/covert/pre/verify/63433852311105241115sam146400000,43
http://localhost:3005/covert/pre/verify/28697510371105241115sam146400000,44
http://localhost:3005/covert/pre/verify/88905414571105241115sam146400000,45
http://localhost:3005/covert/pre/verify/71074383921105241115sam146400000,46
http://localhost:3005/covert/pre/verify/12436270771105241115sam146400000,47
http://localhost:3005/covert/pre/verify/60032698551105241115sam146400000,48
http://localhost:3005/covert/pre/verify/60944642941105241115sam146400000,49
http://localhost:3005/covert/pre/verify/63055476101105241115sam146400000,50
http://localhost:3005/covert/pre/verify/25876944751105241115sam146400000,51
http://localhost:3005/covert/pre/verify/84454620071105241115sam146400000,52
http://localhost:3005/covert/pre/verify/17416983181105241115sam146400000,53
http://localhost:3005/covert/pre/verify/13199547451105241115sam146400000,54
http://localhost:3005/covert/pre/verify/21568285151105241115sam146400000,55
http://localhost:3005/covert/pre/verify/96526098131105241115sam146400000,56
http://localhost:3005/covert/pre/verify/41320848741105241115sam146400000,57
http://localhost:3005/covert/pre/verify/18622624441105241115sam146400000,58
http://localhost:3005/covert/pre/verify/23892472061105241115sam146400000,59
http://localhost:3005/covert/pre/verify/70730787141105241115sam146400000,60
http://localhost:3005/covert/pre/verify/45127616901105241115sam146400000,61
http://localhost:3005/covert/pre/verify/62176908311105241115sam146400000,62
http://localhost:3005/covert/pre/verify/37451468721105241115sam146400000,63
http://localhost:3005/covert/pre/verify/37279366071105241115sam146400000,64
http://localhost:3005/covert/pre/verify/44547458681105241115sam146400000,65
http://localhost:3005/covert/pre/verify/11744446201105241115sam146400000,66
http://localhost:3005/covert/pre/verify/57954606131105241115sam146400000,67
http://localhost:3005/covert/pre/verify/13699726161105241115sam146400000,68
http://localhost:3005/covert/pre/verify/82925201421105241115sam146400000,69
http://localhost:3005/covert/pre/verify/16685590921105241115sam146400000,70
http://localhost:3005/covert/pre/verify/89558385341105241115sam146400000,71
http://localhost:3005/covert/pre/verify/50781780381105241115sam146400000,72
http://localhost:3005/covert/pre/verify/29092986721105241115sam146400000,73
http://localhost:3005/covert/pre/verify/34854460351105241115sam146400000,74
http://localhost:3005/covert/pre/verify/94464558721105241115sam146400000,75
http://localhost:3005/covert/pre/verify/87670176231105241115sam146400000,76
http://localhost:3005/covert/pre/verify/66860030451105241115sam146400000,77
http://localhost:3005/covert/pre/verify/98864903311105241115sam146400000,78
